Set Number,Name,Year,Theme ID,Parts,Status,Image URL,Set URL
10281-1,Bonsai,2021,769,878,SETS_USED,https://cdn.rebrickable.com/media/sets/10281-1/148031.jpg,https://rebrickable.com/sets/10281-1/bonsai/
10300-1,Back to the Future Time Machine,2022,721,1872,SETS_USED,https://cdn.rebrickable.com/media/sets/10300-1/99954.jpg,https://rebrickable.com/sets/10300-1/back-to-the-future-time-machine/
10333-1,The Lord of the Rings: Barad-dûr,2024,721,5478,SETS_USED,https://cdn.rebrickable.com/media/sets/10333-1/140959.jpg,https://rebrickable.com/sets/10333-1/the-lord-of-the-rings-barad-dûr/
10339-1,Santa's Post Office,2024,227,1440,SETS_USED,https://cdn.rebrickable.com/media/sets/10339-1/145964.jpg,https://rebrickable.com/sets/10339-1/santas-post-office/
10341-1,NASA Artemis Space Launch System,2024,721,3601,SETS_USED,https://cdn.rebrickable.com/media/sets/10341-1/139647.jpg,https://rebrickable.com/sets/10341-1/nasa-artemis-space-launch-system/
10355-1,Blacktron Renegade,2025,721,1151,SETS_USED,https://cdn.rebrickable.com/media/sets/10355-1/150081.jpg,https://rebrickable.com/sets/10355-1/blacktron-renegade/
10355-1,Blacktron Renegade,2025,721,1151,SETS_SEALED,https://cdn.rebrickable.com/media/sets/10355-1/150081.jpg,https://rebrickable.com/sets/10355-1/blacktron-renegade/
10368-1,Chrysanthemum,2024,769,278,SETS_USED,https://cdn.rebrickable.com/media/sets/10368-1/142103.jpg,https://rebrickable.com/sets/10368-1/chrysanthemum/
10369-1,Plum Blossom,2024,769,327,SETS_USED,https://cdn.rebrickable.com/media/sets/10369-1/142106.jpg,https://rebrickable.com/sets/10369-1/plum-blossom/
10497-1,Galaxy Explorer,2022,721,1254,SETS_USED,https://cdn.rebrickable.com/media/sets/10497-1/104009.jpg,https://rebrickable.com/sets/10497-1/galaxy-explorer/
11037-1,Creative Space Planets,2024,621,450,SETS_SEALED,https://cdn.rebrickable.com/media/sets/11037-1/133275.jpg,https://rebrickable.com/sets/11037-1/creative-space-planets/
122333-1,Owen's Mega Motorcycle,2023,602,14,SETS_SEALED,https://cdn.rebrickable.com/media/sets/122333-1/134191.jpg,https://rebrickable.com/sets/122333-1/owens-mega-motorcycle/
2045-1,Car,1999,470,17,SETS_USED,https://cdn.rebrickable.com/media/sets/2045-1/4122.jpg,https://rebrickable.com/sets/2045-1/car/
21326-1,Winnie the Pooh,2021,576,1265,SETS_SEALED,https://cdn.rebrickable.com/media/sets/21326-1/83625.jpg,https://rebrickable.com/sets/21326-1/winnie-the-pooh/
21328-1,Seinfeld,2021,576,1326,SETS_USED,https://cdn.rebrickable.com/media/sets/21328-1/90023.jpg,https://rebrickable.com/sets/21328-1/seinfeld/
21336-1,The Office,2022,576,1165,SETS_USED,https://cdn.rebrickable.com/media/sets/21336-1/105200.jpg,https://rebrickable.com/sets/21336-1/the-office/
21342-1,The Insect Collection,2023,576,1111,SETS_USED,https://cdn.rebrickable.com/media/sets/21342-1/126471.jpg,https://rebrickable.com/sets/21342-1/the-insect-collection/
30280-1,The Piece of Resistance,2014,578,33,SETS_USED,https://cdn.rebrickable.com/media/sets/30280-1/6347.jpg,https://rebrickable.com/sets/30280-1/the-piece-of-resistance/
30280-1,The Piece of Resistance,2014,578,33,SETS_SEALED,https://cdn.rebrickable.com/media/sets/30280-1/6347.jpg,https://rebrickable.com/sets/30280-1/the-piece-of-resistance/
30280-1,The Piece of Resistance,2014,578,33,SETS_SEALED,https://cdn.rebrickable.com/media/sets/30280-1/6347.jpg,https://rebrickable.com/sets/30280-1/the-piece-of-resistance/
30340-1,Emmet's 'Piece' Offering,2019,670,44,SETS_USED,https://cdn.rebrickable.com/media/sets/30340-1/11064.jpg,https://rebrickable.com/sets/30340-1/emmets-piece-offering/
30340-1,Emmet's 'Piece' Offering,2019,670,44,SETS_SEALED,https://cdn.rebrickable.com/media/sets/30340-1/11064.jpg,https://rebrickable.com/sets/30340-1/emmets-piece-offering/
30390-1,Dinosaur Market,2022,602,34,SETS_SEALED,https://cdn.rebrickable.com/media/sets/30390-1/101067.jpg,https://rebrickable.com/sets/30390-1/dinosaur-market/
30433-1,Volvo Wheel Loader,2022,1,69,SETS_SEALED,https://cdn.rebrickable.com/media/sets/30433-1/100905.jpg,https://rebrickable.com/sets/30433-1/volvo-wheel-loader/
30460-1,Rex's Plantimal Ambush,2019,670,32,SETS_USED,https://cdn.rebrickable.com/media/sets/30460-1/16005.jpg,https://rebrickable.com/sets/30460-1/rexs-plantimal-ambush/
30460-1,Rex's Plantimal Ambush,2019,670,32,SETS_SEALED,https://cdn.rebrickable.com/media/sets/30460-1/16005.jpg,https://rebrickable.com/sets/30460-1/rexs-plantimal-ambush/
30528-1,Mini Master-Building MetalBeard,2019,670,42,SETS_SEALED,https://cdn.rebrickable.com/media/sets/30528-1/20597.jpg,https://rebrickable.com/sets/30528-1/mini-master-building-metalbeard/
30568-1,Skater,2021,52,40,SETS_USED,https://cdn.rebrickable.com/media/sets/30568-1/79317.jpg,https://rebrickable.com/sets/30568-1/skater/
30570-1,Wildlife Rescue Hovercraft,2021,52,35,SETS_USED,https://cdn.rebrickable.com/media/sets/30570-1/89119.jpg,https://rebrickable.com/sets/30570-1/wildlife-rescue-hovercraft/
30582-1,Birthday Bear,2022,206,80,SETS_SEALED,https://cdn.rebrickable.com/media/sets/30582-1/96420.jpg,https://rebrickable.com/sets/30582-1/birthday-bear/
30584-1,Winter Christmas Train,2022,228,73,SETS_USED,https://cdn.rebrickable.com/media/sets/30584-1/129492.jpg,https://rebrickable.com/sets/30584-1/winter-christmas-train/
30620-1,Star-Stuck Emmet,2019,670,41,SETS_USED,https://cdn.rebrickable.com/media/sets/30620-1/6905.jpg,https://rebrickable.com/sets/30620-1/star-stuck-emmet/
30640-1,Racing Car,2023,63,44,SETS_SEALED,https://cdn.rebrickable.com/media/sets/30640-1/119540.jpg,https://rebrickable.com/sets/30640-1/racing-car/
30645-1,Snowman,2023,22,78,SETS_USED,https://cdn.rebrickable.com/media/sets/30645-1/122066.jpg,https://rebrickable.com/sets/30645-1/snowman/
30645-1,Snowman,2023,22,78,SETS_SEALED,https://cdn.rebrickable.com/media/sets/30645-1/122066.jpg,https://rebrickable.com/sets/30645-1/snowman/
30645-1,Snowman,2023,22,78,SETS_SEALED,https://cdn.rebrickable.com/media/sets/30645-1/122066.jpg,https://rebrickable.com/sets/30645-1/snowman/
30651-1,Quidditch Practice,2023,246,55,SETS_USED,https://cdn.rebrickable.com/media/sets/30651-1/131999.jpg,https://rebrickable.com/sets/30651-1/quidditch-practice/
30651-1,Quidditch Practice,2023,246,55,SETS_SEALED,https://cdn.rebrickable.com/media/sets/30651-1/131999.jpg,https://rebrickable.com/sets/30651-1/quidditch-practice/
30652-1,Doctor Strange's Interdimensional Portal,2023,696,44,SETS_USED,https://cdn.rebrickable.com/media/sets/30652-1/141324.jpg,https://rebrickable.com/sets/30652-1/doctor-stranges-interdimensional-portal/
30652-1,Doctor Strange's Interdimensional Portal,2023,696,44,SETS_SEALED,https://cdn.rebrickable.com/media/sets/30652-1/141324.jpg,https://rebrickable.com/sets/30652-1/doctor-stranges-interdimensional-portal/
30653-1,Batman 1992,2023,697,40,SETS_USED,https://cdn.rebrickable.com/media/sets/30653-1/124364.jpg,https://rebrickable.com/sets/30653-1/batman-1992/
30654-1,X-Wing Starfighter,2023,158,87,SETS_USED,https://cdn.rebrickable.com/media/sets/30654-1/131996.jpg,https://rebrickable.com/sets/30654-1/x-wing-starfighter/
30654-1,X-Wing Starfighter,2023,158,87,SETS_SEALED,https://cdn.rebrickable.com/media/sets/30654-1/131996.jpg,https://rebrickable.com/sets/30654-1/x-wing-starfighter/
30657-1,McLaren Solus GT,2023,601,95,SETS_SEALED,https://cdn.rebrickable.com/media/sets/30657-1/117964.jpg,https://rebrickable.com/sets/30657-1/mclaren-solus-gt/
30663-1,Space Hoverbike,2024,52,46,SETS_USED,https://cdn.rebrickable.com/media/sets/30663-1/146312.jpg,https://rebrickable.com/sets/30663-1/space-hoverbike/
30663-1,Space Hoverbike,2024,52,46,SETS_SEALED,https://cdn.rebrickable.com/media/sets/30663-1/146312.jpg,https://rebrickable.com/sets/30663-1/space-hoverbike/
30665-1,Baby Gorilla Encounter,2024,614,34,SETS_USED,https://cdn.rebrickable.com/media/sets/30665-1/141317.jpg,https://rebrickable.com/sets/30665-1/baby-gorilla-encounter/
30670-1,Santa's Sleigh Ride,2024,22,73,SETS_USED,https://cdn.rebrickable.com/media/sets/30670-1/141318.jpg,https://rebrickable.com/sets/30670-1/santas-sleigh-ride/
30670-1,Santa's Sleigh Ride,2024,22,73,SETS_SEALED,https://cdn.rebrickable.com/media/sets/30670-1/141318.jpg,https://rebrickable.com/sets/30670-1/santas-sleigh-ride/
30670-1,Santa's Sleigh Ride,2024,22,73,SETS_SEALED,https://cdn.rebrickable.com/media/sets/30670-1/141318.jpg,https://rebrickable.com/sets/30670-1/santas-sleigh-ride/
30670-1,Santa's Sleigh Ride,2024,22,73,SETS_SEALED,https://cdn.rebrickable.com/media/sets/30670-1/141318.jpg,https://rebrickable.com/sets/30670-1/santas-sleigh-ride/
30677-1,Draco in the Forbidden Forest,2024,246,33,SETS_USED,https://cdn.rebrickable.com/media/sets/30677-1/141320.jpg,https://rebrickable.com/sets/30677-1/draco-in-the-forbidden-forest/
30677-1,Draco in the Forbidden Forest,2024,246,33,SETS_SEALED,https://cdn.rebrickable.com/media/sets/30677-1/141320.jpg,https://rebrickable.com/sets/30677-1/draco-in-the-forbidden-forest/
30680-1,AAT,2024,158,75,SETS_USED,https://cdn.rebrickable.com/media/sets/30680-1/134781.jpg,https://rebrickable.com/sets/30680-1/aat/
30680-1,AAT,2024,158,75,SETS_SEALED,https://cdn.rebrickable.com/media/sets/30680-1/134781.jpg,https://rebrickable.com/sets/30680-1/aat/
30682-1,NASA Mars Rover Perseverance,2024,1,83,SETS_USED,https://cdn.rebrickable.com/media/sets/30682-1/146311.jpg,https://rebrickable.com/sets/30682-1/nasa-mars-rover-perseverance/
30682-1,NASA Mars Rover Perseverance,2024,1,83,SETS_SEALED,https://cdn.rebrickable.com/media/sets/30682-1/146311.jpg,https://rebrickable.com/sets/30682-1/nasa-mars-rover-perseverance/
30683-1,McLaren Formula 1 Car,2024,601,58,SETS_SEALED,https://cdn.rebrickable.com/media/sets/30683-1/141322.jpg,https://rebrickable.com/sets/30683-1/mclaren-formula-1-car/
30683-1,McLaren Formula 1 Car,2024,601,58,SETS_SEALED,https://cdn.rebrickable.com/media/sets/30683-1/141322.jpg,https://rebrickable.com/sets/30683-1/mclaren-formula-1-car/
30685-1,TIE Interceptor,2024,158,48,SETS_USED,https://cdn.rebrickable.com/media/sets/30685-1/146330.jpg,https://rebrickable.com/sets/30685-1/tie-interceptor/
30685-1,TIE Interceptor,2024,158,48,SETS_SEALED,https://cdn.rebrickable.com/media/sets/30685-1/146330.jpg,https://rebrickable.com/sets/30685-1/tie-interceptor/
30685-1,TIE Interceptor,2024,158,48,SETS_SEALED,https://cdn.rebrickable.com/media/sets/30685-1/146330.jpg,https://rebrickable.com/sets/30685-1/tie-interceptor/
30688-1,Tropical Toucan,2025,672,59,SETS_USED,https://cdn.rebrickable.com/media/sets/30688-1/146767.jpg,https://rebrickable.com/sets/30688-1/tropical-toucan/
30701-1,Field Flowers,2025,769,77,SETS_USED,https://cdn.rebrickable.com/media/sets/30701-1/146750.jpg,https://rebrickable.com/sets/30701-1/field-flowers/
30701-1,Field Flowers,2025,769,77,SETS_SEALED,https://cdn.rebrickable.com/media/sets/30701-1/146750.jpg,https://rebrickable.com/sets/30701-1/field-flowers/
30701-1,Field Flowers,2025,769,77,SETS_SEALED,https://cdn.rebrickable.com/media/sets/30701-1/146750.jpg,https://rebrickable.com/sets/30701-1/field-flowers/
30701-1,Field Flowers,2025,769,77,SETS_SEALED,https://cdn.rebrickable.com/media/sets/30701-1/146750.jpg,https://rebrickable.com/sets/30701-1/field-flowers/
30701-1,Field Flowers,2025,769,77,SETS_SEALED,https://cdn.rebrickable.com/media/sets/30701-1/146750.jpg,https://rebrickable.com/sets/30701-1/field-flowers/
30710-1,Skid-Steer Loader,2025,1,52,SETS_USED,https://cdn.rebrickable.com/media/sets/30710-1/146742.jpg,https://rebrickable.com/sets/30710-1/skid-steer-loader/
30710-1,Skid-Steer Loader,2025,1,52,SETS_SEALED,https://cdn.rebrickable.com/media/sets/30710-1/146742.jpg,https://rebrickable.com/sets/30710-1/skid-steer-loader/
30710-1,Skid-Steer Loader,2025,1,52,SETS_SEALED,https://cdn.rebrickable.com/media/sets/30710-1/146742.jpg,https://rebrickable.com/sets/30710-1/skid-steer-loader/
31088-1,Deep Sea Creatures,2019,672,230,SETS_USED,https://cdn.rebrickable.com/media/sets/31088-1/15354.jpg,https://rebrickable.com/sets/31088-1/deep-sea-creatures/
31113-1,Race Car Transporter,2021,672,328,SETS_USED,https://cdn.rebrickable.com/media/sets/31113-1/77642.jpg,https://rebrickable.com/sets/31113-1/race-car-transporter/
31134-1,Space Shuttle,2023,672,144,SETS_USED,https://cdn.rebrickable.com/media/sets/31134-1/131938.jpg,https://rebrickable.com/sets/31134-1/space-shuttle/
31136-1,Exotic Parrot,2023,672,253,SETS_USED,https://cdn.rebrickable.com/media/sets/31136-1/131953.jpg,https://rebrickable.com/sets/31136-1/exotic-parrot/
31140-1,Magical Unicorn,2023,672,145,SETS_SEALED,https://cdn.rebrickable.com/media/sets/31140-1/131905.jpg,https://rebrickable.com/sets/31140-1/magical-unicorn/
31140-1,Magical Unicorn,2023,672,145,SETS_SEALED,https://cdn.rebrickable.com/media/sets/31140-1/131905.jpg,https://rebrickable.com/sets/31140-1/magical-unicorn/
31145-1,Red Dragon,2024,672,149,SETS_USED,https://cdn.rebrickable.com/media/sets/31145-1/133292.jpg,https://rebrickable.com/sets/31145-1/red-dragon/
31157-1,Exotic Peacock,2024,672,355,SETS_SEALED,https://cdn.rebrickable.com/media/sets/31157-1/133399.jpg,https://rebrickable.com/sets/31157-1/exotic-peacock/
31159-1,Wild Animals: Surprising Spider,2025,672,153,SETS_USED,https://cdn.rebrickable.com/media/sets/31159-1/149705.jpg,https://rebrickable.com/sets/31159-1/wild-animals-surprising-spider/
31161-1,Medieval Dragon,2025,672,715,SETS_USED,https://cdn.rebrickable.com/media/sets/31161-1/149707.jpg,https://rebrickable.com/sets/31161-1/medieval-dragon/
31163-1,Playful Cat,2025,672,407,SETS_SEALED,https://cdn.rebrickable.com/media/sets/31163-1/149717.jpg,https://rebrickable.com/sets/31163-1/playful-cat/
31164-1,Space Robot,2025,672,281,SETS_USED,https://cdn.rebrickable.com/media/sets/31164-1/149767.jpg,https://rebrickable.com/sets/31164-1/space-robot/
31212-1,The Milky Way Galaxy,2024,709,3091,SETS_SEALED,https://cdn.rebrickable.com/media/sets/31212-1/139636.jpg,https://rebrickable.com/sets/31212-1/the-milky-way-galaxy/
40220-1,London Bus,2016,22,118,SETS_USED,https://cdn.rebrickable.com/media/sets/40220-1/13095.jpg,https://rebrickable.com/sets/40220-1/london-bus/
40277-1,Car and Petrol Pump,2018,409,44,SETS_SEALED,https://cdn.rebrickable.com/media/sets/40277-1/120471.jpg,https://rebrickable.com/sets/40277-1/car-and-petrol-pump/
40290-1,60 Years of the LEGO Brick,2018,598,421,SETS_USED,https://cdn.rebrickable.com/media/sets/40290-1/11271.jpg,https://rebrickable.com/sets/40290-1/60-years-of-the-lego-brick/
40306-1,LEGOLAND Micro Castle,2018,425,220,SETS_SEALED,https://cdn.rebrickable.com/media/sets/40306-1/5697.jpg,https://rebrickable.com/sets/40306-1/legoland-micro-castle/
40357-1,BYGGLEK,2020,301,201,SETS_USED,https://cdn.rebrickable.com/media/sets/40357-1/73621.jpg,https://rebrickable.com/sets/40357-1/bygglek/
40357-1,BYGGLEK,2020,301,201,SETS_SEALED,https://cdn.rebrickable.com/media/sets/40357-1/73621.jpg,https://rebrickable.com/sets/40357-1/bygglek/
40460-1,Roses,2021,301,120,SETS_SEALED,https://cdn.rebrickable.com/media/sets/40460-1/146014.jpg,https://rebrickable.com/sets/40460-1/roses/
40461-1,Tulips,2021,301,111,SETS_USED,https://cdn.rebrickable.com/media/sets/40461-1/146006.jpg,https://rebrickable.com/sets/40461-1/tulips/
40462-1,Valentine's Brown Bear,2021,232,245,SETS_USED,https://cdn.rebrickable.com/media/sets/40462-1/78551.jpg,https://rebrickable.com/sets/40462-1/valentines-brown-bear/
40463-1,Easter Bunny,2021,229,293,SETS_USED,https://cdn.rebrickable.com/media/sets/40463-1/82070.jpg,https://rebrickable.com/sets/40463-1/easter-bunny/
40468-1,Yellow Taxi,2021,22,124,SETS_USED,https://cdn.rebrickable.com/media/sets/40468-1/78562.jpg,https://rebrickable.com/sets/40468-1/yellow-taxi/
40517-1,Vespa,2022,22,118,SETS_USED,https://cdn.rebrickable.com/media/sets/40517-1/99382.jpg,https://rebrickable.com/sets/40517-1/vespa/
40524-1,Sunflowers,2022,301,191,SETS_USED,https://cdn.rebrickable.com/media/sets/40524-1/146005.jpg,https://rebrickable.com/sets/40524-1/sunflowers/
40547-1,Obi-Wan Kenobi & Darth Vader,2022,610,260,SETS_USED,https://cdn.rebrickable.com/media/sets/40547-1/103036.jpg,https://rebrickable.com/sets/40547-1/obi-wan-kenobi-darth-vader/
40564-1,Winter Elves Scene,2022,227,372,SETS_SEALED,https://cdn.rebrickable.com/media/sets/40564-1/112406.jpg,https://rebrickable.com/sets/40564-1/winter-elves-scene/
40570-1,Halloween Cat & Mouse,2022,230,328,SETS_USED,https://cdn.rebrickable.com/media/sets/40570-1/104533.jpg,https://rebrickable.com/sets/40570-1/halloween-cat-mouse/
40574-1,Lego Brand Store,2022,301,541,SETS_USED,https://cdn.rebrickable.com/media/sets/40574-1/104405.jpg,https://rebrickable.com/sets/40574-1/lego-brand-store/
40574-1,Lego Brand Store,2022,301,541,SETS_SEALED,https://cdn.rebrickable.com/media/sets/40574-1/104405.jpg,https://rebrickable.com/sets/40574-1/lego-brand-store/
40581-1,BIONICLE Tahu and Takua,2023,598,219,SETS_SEALED,https://cdn.rebrickable.com/media/sets/40581-1/131753.jpg,https://rebrickable.com/sets/40581-1/bionicle-tahu-and-takua/
40585-1,World of Wonders,2023,598,382,SETS_USED,https://cdn.rebrickable.com/media/sets/40585-1/131399.jpg,https://rebrickable.com/sets/40585-1/world-of-wonders/
40585-1,World of Wonders,2023,598,382,SETS_SEALED,https://cdn.rebrickable.com/media/sets/40585-1/131399.jpg,https://rebrickable.com/sets/40585-1/world-of-wonders/
40604-1,Christmas Decor Set,2023,227,182,SETS_SEALED,https://cdn.rebrickable.com/media/sets/40604-1/132826.jpg,https://rebrickable.com/sets/40604-1/christmas-decor-set/
40613-1,Mini Disney Palace of Agrabah,2023,579,506,SETS_USED,https://cdn.rebrickable.com/media/sets/40613-1/127275.jpg,https://rebrickable.com/sets/40613-1/mini-disney-palace-of-agrabah/
40615-1,Tusken Raider,2023,610,152,SETS_SEALED,https://cdn.rebrickable.com/media/sets/40615-1/131727.jpg,https://rebrickable.com/sets/40615-1/tusken-raider/
40619-1,EVE & WALL•E,2023,610,155,SETS_USED,https://cdn.rebrickable.com/media/sets/40619-1/131721.jpg,https://rebrickable.com/sets/40619-1/eve-walle/
40630-1,Frodo & Gollum,2023,610,184,SETS_SEALED,https://cdn.rebrickable.com/media/sets/40630-1/131676.jpg,https://rebrickable.com/sets/40630-1/frodo-gollum/
40631-1,Gandalf the Grey and Balrog,2023,610,348,SETS_USED,https://cdn.rebrickable.com/media/sets/40631-1/131671.jpg,https://rebrickable.com/sets/40631-1/gandalf-the-grey-and-balrog/
40638-1,Heart Ornament,2023,232,254,SETS_SEALED,https://cdn.rebrickable.com/media/sets/40638-1/131661.jpg,https://rebrickable.com/sets/40638-1/heart-ornament/
40639-1,Bird's Nest,2023,229,232,SETS_SEALED,https://cdn.rebrickable.com/media/sets/40639-1/131654.jpg,https://rebrickable.com/sets/40639-1/birds-nest/
40640-1,Nutcracker,2023,227,208,SETS_USED,https://cdn.rebrickable.com/media/sets/40640-1/126052.jpg,https://rebrickable.com/sets/40640-1/nutcracker/
40641-1,Birthday Cake,2023,206,211,SETS_SEALED,https://cdn.rebrickable.com/media/sets/40641-1/121727.jpg,https://rebrickable.com/sets/40641-1/birthday-cake/
40641-1,Birthday Cake,2023,206,211,SETS_SEALED,https://cdn.rebrickable.com/media/sets/40641-1/121727.jpg,https://rebrickable.com/sets/40641-1/birthday-cake/
40642-1,Gingerbread Ornaments,2023,227,190,SETS_USED,https://cdn.rebrickable.com/media/sets/40642-1/131648.jpg,https://rebrickable.com/sets/40642-1/gingerbread-ornaments/
40644-1,Pinata,2023,22,206,SETS_USED,https://cdn.rebrickable.com/media/sets/40644-1/131616.jpg,https://rebrickable.com/sets/40644-1/pinata/
40644-1,Pinata,2023,22,206,SETS_SEALED,https://cdn.rebrickable.com/media/sets/40644-1/131616.jpg,https://rebrickable.com/sets/40644-1/pinata/
40646-1,Daffodils,2023,769,216,SETS_USED,https://cdn.rebrickable.com/media/sets/40646-1/131628.jpg,https://rebrickable.com/sets/40646-1/daffodils/
40648-1,Money Tree,2023,686,336,SETS_USED,https://cdn.rebrickable.com/media/sets/40648-1/131639.jpg,https://rebrickable.com/sets/40648-1/money-tree/
40649-1,Up-Scaled LEGO Minifigure,2023,301,654,SETS_USED,https://cdn.rebrickable.com/media/sets/40649-1/121814.jpg,https://rebrickable.com/sets/40649-1/up-scaled-lego-minifigure/
40649-1,Up-Scaled LEGO Minifigure,2023,301,654,SETS_SEALED,https://cdn.rebrickable.com/media/sets/40649-1/121814.jpg,https://rebrickable.com/sets/40649-1/up-scaled-lego-minifigure/
40650-1,Land Rover Classic Defender,2023,22,150,SETS_USED,https://cdn.rebrickable.com/media/sets/40650-1/121712.jpg,https://rebrickable.com/sets/40650-1/land-rover-classic-defender/
40669-1,Iron Man MK5 Figure,2024,610,101,SETS_SEALED,https://cdn.rebrickable.com/media/sets/40669-1/141423.jpg,https://rebrickable.com/sets/40669-1/iron-man-mk5-figure/
40671-1,Potted Groot,2024,610,113,SETS_SEALED,https://cdn.rebrickable.com/media/sets/40671-1/135386.jpg,https://rebrickable.com/sets/40671-1/potted-groot/
40686-1,Trade Federation Troop Carrier,2024,158,262,SETS_SEALED,https://cdn.rebrickable.com/media/sets/40686-1/139260.jpg,https://rebrickable.com/sets/40686-1/trade-federation-troop-carrier/
40687-1,Alien Space Diner,2024,598,239,SETS_USED,https://cdn.rebrickable.com/media/sets/40687-1/140507.jpg,https://rebrickable.com/sets/40687-1/alien-space-diner/
40687-1,Alien Space Diner,2024,598,239,SETS_SEALED,https://cdn.rebrickable.com/media/sets/40687-1/140507.jpg,https://rebrickable.com/sets/40687-1/alien-space-diner/
40688-1,Trophy,2024,598,157,SETS_SEALED,https://cdn.rebrickable.com/media/sets/40688-1/141747.jpg,https://rebrickable.com/sets/40688-1/trophy/
40688-1,Trophy,2024,598,157,SETS_SEALED,https://cdn.rebrickable.com/media/sets/40688-1/141747.jpg,https://rebrickable.com/sets/40688-1/trophy/
40689-1,Firework Celebrations,2024,598,184,SETS_SEALED,https://cdn.rebrickable.com/media/sets/40689-1/141751.jpg,https://rebrickable.com/sets/40689-1/firework-celebrations/
40693-1,Fell Beast,2024,721,269,SETS_SEALED,https://cdn.rebrickable.com/media/sets/40693-1/140961.jpg,https://rebrickable.com/sets/40693-1/fell-beast/
40696-1,Bakery,2024,598,376,SETS_USED,https://cdn.rebrickable.com/media/sets/40696-1/146679.jpg,https://rebrickable.com/sets/40696-1/bakery/
40699-1,Retro Record Player,2024,598,310,SETS_SEALED,https://cdn.rebrickable.com/media/sets/40699-1/148129.jpg,https://rebrickable.com/sets/40699-1/retro-record-player/
40712-1,Micro Rocket Launch Pad,2024,598,325,SETS_USED,https://cdn.rebrickable.com/media/sets/40712-1/137531.jpg,https://rebrickable.com/sets/40712-1/micro-rocket-launch-pad/
40712-1,Micro Rocket Launch Pad,2024,598,325,SETS_SEALED,https://cdn.rebrickable.com/media/sets/40712-1/137531.jpg,https://rebrickable.com/sets/40712-1/micro-rocket-launch-pad/
40715-1,Alien Pack,2024,301,181,SETS_USED,https://cdn.rebrickable.com/media/sets/40715-1/138967.jpg,https://rebrickable.com/sets/40715-1/alien-pack/
40715-1,Alien Pack,2024,301,181,SETS_SEALED,https://cdn.rebrickable.com/media/sets/40715-1/138967.jpg,https://rebrickable.com/sets/40715-1/alien-pack/
40719-1,Traditional Chess Set,2024,301,743,SETS_USED,https://cdn.rebrickable.com/media/sets/40719-1/140340.jpg,https://rebrickable.com/sets/40719-1/traditional-chess-set/
40719-1,Traditional Chess Set,2024,301,743,SETS_SEALED,https://cdn.rebrickable.com/media/sets/40719-1/140340.jpg,https://rebrickable.com/sets/40719-1/traditional-chess-set/
40721-1,Halloween Barn,2024,230,205,SETS_USED,https://cdn.rebrickable.com/media/sets/40721-1/143739.jpg,https://rebrickable.com/sets/40721-1/halloween-barn/
40726-1,Limited Edition Batman 85th Anniversary,2024,610,0,SETS_SEALED,https://cdn.rebrickable.com/media/sets/40726-1/145793.jpg,https://rebrickable.com/sets/40726-1/limited-edition-batman-85th-anniversary/
40728-1,Brite Bomber,2024,610,151,SETS_USED,https://cdn.rebrickable.com/media/sets/40728-1/146239.jpg,https://rebrickable.com/sets/40728-1/brite-bomber/
40743-1,Christmas Table Decoration,2024,227,433,SETS_USED,https://cdn.rebrickable.com/media/sets/40743-1/143737.jpg,https://rebrickable.com/sets/40743-1/christmas-table-decoration/
40746-1,Santa's Delivery Truck,2024,227,224,SETS_USED,https://cdn.rebrickable.com/media/sets/40746-1/145986.jpg,https://rebrickable.com/sets/40746-1/santas-delivery-truck/
40748-1,Batman 8in1 Figure,2024,610,325,SETS_USED,https://cdn.rebrickable.com/media/sets/40748-1/142222.jpg,https://rebrickable.com/sets/40748-1/batman-8in1-figure/
40756-1,Lucky Knots,2025,686,317,SETS_SEALED,https://cdn.rebrickable.com/media/sets/40756-1/150222.jpg,https://rebrickable.com/sets/40756-1/lucky-knots/
42147-1,Dump Truck,2023,1,177,SETS_USED,https://cdn.rebrickable.com/media/sets/42147-1/131165.jpg,https://rebrickable.com/sets/42147-1/dump-truck/
42148-1,Snow Groomer,2023,1,178,SETS_SEALED,https://cdn.rebrickable.com/media/sets/42148-1/131161.jpg,https://rebrickable.com/sets/42148-1/snow-groomer/
42161-1,Lamborghini Huracán Tecnica,2023,1,806,SETS_USED,https://cdn.rebrickable.com/media/sets/42161-1/123584.jpg,https://rebrickable.com/sets/42161-1/lamborghini-huracán-tecnica/
42163-1,Heavy-Duty Bulldozer,2024,1,195,SETS_USED,https://cdn.rebrickable.com/media/sets/42163-1/133702.jpg,https://rebrickable.com/sets/42163-1/heavy-duty-bulldozer/
42163-1,Heavy-Duty Bulldozer,2024,1,195,SETS_SEALED,https://cdn.rebrickable.com/media/sets/42163-1/133702.jpg,https://rebrickable.com/sets/42163-1/heavy-duty-bulldozer/
42163-1,Heavy-Duty Bulldozer,2024,1,195,SETS_SEALED,https://cdn.rebrickable.com/media/sets/42163-1/133702.jpg,https://rebrickable.com/sets/42163-1/heavy-duty-bulldozer/
42165-1,Mercedes-AMG F1 W14 Pull-Back,2024,1,240,SETS_USED,https://cdn.rebrickable.com/media/sets/42165-1/137087.jpg,https://rebrickable.com/sets/42165-1/mercedes-amg-f1-w14-pull-back/
42178-1,Surface Space Loader,2024,1,435,SETS_USED,https://cdn.rebrickable.com/media/sets/42178-1/134849.jpg,https://rebrickable.com/sets/42178-1/surface-space-loader/
42179-1,Planet Earth and Moon in Orbit,2024,1,526,SETS_USED,https://cdn.rebrickable.com/media/sets/42179-1/134842.jpg,https://rebrickable.com/sets/42179-1/planet-earth-and-moon-in-orbit/
42197-1,Backhoe Loader,2025,1,104,SETS_SEALED,https://cdn.rebrickable.com/media/sets/42197-1/149539.jpg,https://rebrickable.com/sets/42197-1/backhoe-loader/
42201-1,Deep-Sea Research Submarine,2025,1,413,SETS_USED,https://cdn.rebrickable.com/media/sets/42201-1/149542.jpg,https://rebrickable.com/sets/42201-1/deep-sea-research-submarine/
5002045-1,Pyjamas Emmet,2014,578,4,SETS_SEALED,https://cdn.rebrickable.com/media/sets/5002045-1/13429.jpg,https://rebrickable.com/sets/5002045-1/pyjamas-emmet/
5002203-1,Radio DJ Robot,2014,578,4,SETS_SEALED,https://cdn.rebrickable.com/media/sets/5002203-1/13430.jpg,https://rebrickable.com/sets/5002203-1/radio-dj-robot/
5002812-1,Classic Spaceman Minifigure,2014,126,18,SETS_SEALED,https://cdn.rebrickable.com/media/sets/5002812-1/40525.jpg,https://rebrickable.com/sets/5002812-1/classic-spaceman-minifigure/
5002948-1,C-3PO,2015,158,3,SETS_SEALED,https://cdn.rebrickable.com/media/sets/5002948-1/4425.jpg,https://rebrickable.com/sets/5002948-1/c-3po/
5006085-1,Buildable 2x4 Red Brick,2019,598,72,SETS_SEALED,https://cdn.rebrickable.com/media/sets/5006085-1/22755.jpg,https://rebrickable.com/sets/5006085-1/buildable-2x4-red-brick/
5006746-1,Swing Ship Ride,2021,598,152,SETS_SEALED,https://cdn.rebrickable.com/media/sets/5006746-1/89440.jpg,https://rebrickable.com/sets/5006746-1/swing-ship-ride/
60283-1,Holiday Camper Van,2021,52,190,SETS_SEALED,https://cdn.rebrickable.com/media/sets/60283-1/77105.jpg,https://rebrickable.com/sets/60283-1/holiday-camper-van/
60318-1,Fire Helicopter,2022,58,53,SETS_USED,https://cdn.rebrickable.com/media/sets/60318-1/95801.jpg,https://rebrickable.com/sets/60318-1/fire-helicopter/
60376-1,Arctic Explorer Snowmobile,2023,65,70,SETS_SEALED,https://cdn.rebrickable.com/media/sets/60376-1/130693.jpg,https://rebrickable.com/sets/60376-1/arctic-explorer-snowmobile/
60384-1,Penguin Slushy Van,2023,52,194,SETS_SEALED,https://cdn.rebrickable.com/media/sets/60384-1/130916.jpg,https://rebrickable.com/sets/60384-1/penguin-slushy-van/
60392-1,Police Bike Car Chase,2023,61,59,SETS_USED,https://cdn.rebrickable.com/media/sets/60392-1/130626.jpg,https://rebrickable.com/sets/60392-1/police-bike-car-chase/
60399-1,Green Race Car,2024,52,56,SETS_USED,https://cdn.rebrickable.com/media/sets/60399-1/133896.jpg,https://rebrickable.com/sets/60399-1/green-race-car/
60400-1,Go-Karts and Race Drivers,2024,52,99,SETS_SEALED,https://cdn.rebrickable.com/media/sets/60400-1/133971.jpg,https://rebrickable.com/sets/60400-1/go-karts-and-race-drivers/
60404-1,Burger Truck,2024,52,194,SETS_USED,https://cdn.rebrickable.com/media/sets/60404-1/133912.jpg,https://rebrickable.com/sets/60404-1/burger-truck/
60420-1,Yellow Construction Excavator,2024,56,634,SETS_USED,https://cdn.rebrickable.com/media/sets/60420-1/140650.jpg,https://rebrickable.com/sets/60420-1/yellow-construction-excavator/
60428-1,Space Construction Mech,2024,52,140,SETS_USED,https://cdn.rebrickable.com/media/sets/60428-1/134046.jpg,https://rebrickable.com/sets/60428-1/space-construction-mech/
60430-1,Interstellar Spaceship,2024,52,240,SETS_USED,https://cdn.rebrickable.com/media/sets/60430-1/134010.jpg,https://rebrickable.com/sets/60430-1/interstellar-spaceship/
60430-1,Interstellar Spaceship,2024,52,240,SETS_SEALED,https://cdn.rebrickable.com/media/sets/60430-1/134010.jpg,https://rebrickable.com/sets/60430-1/interstellar-spaceship/
60438-1,Sailboat,2024,59,103,SETS_SEALED,https://cdn.rebrickable.com/media/sets/60438-1/134034.jpg,https://rebrickable.com/sets/60438-1/sailboat/
60440-1,Yellow Delivery Truck,2024,54,1069,SETS_USED,https://cdn.rebrickable.com/media/sets/60440-1/141025.jpg,https://rebrickable.com/sets/60440-1/yellow-delivery-truck/
60458-1,Pizza vs. Fire Truck Race Car Pack,2025,52,70,SETS_USED,https://cdn.rebrickable.com/media/sets/60458-1/149864.jpg,https://rebrickable.com/sets/60458-1/pizza-vs-fire-truck-race-car-pack/
6386182-1,LEGO Masters Mini Build,2021,599,107,SETS_SEALED,https://cdn.rebrickable.com/media/sets/6386182-1/96123.jpg,https://rebrickable.com/sets/6386182-1/lego-masters-mini-build/
6495154-1,LEGO Masters Mini Trophy,2023,598,150,SETS_USED,https://cdn.rebrickable.com/media/sets/6495154-1/129040.jpg,https://rebrickable.com/sets/6495154-1/lego-masters-mini-trophy/
6495154-1,LEGO Masters Mini Trophy,2023,598,150,SETS_SEALED,https://cdn.rebrickable.com/media/sets/6495154-1/129040.jpg,https://rebrickable.com/sets/6495154-1/lego-masters-mini-trophy/
6556842-1,Gasgano's Podracer,2024,158,150,SETS_USED,https://cdn.rebrickable.com/media/sets/6556842-1/146991.jpg,https://rebrickable.com/sets/6556842-1/gasganos-podracer/
6594-1,Gas Transit,1992,67,124,SETS_USED,https://cdn.rebrickable.com/media/sets/6594-1/55741.jpg,https://rebrickable.com/sets/6594-1/gas-transit/
70816-1,"Benny's Spaceship, Spaceship, SPACESHIP!",2014,578,940,SETS_SEALED,https://cdn.rebrickable.com/media/sets/70816-1/16364.jpg,https://rebrickable.com/sets/70816-1/bennys-spaceship-spaceship-spaceship/
70822-1,Unikitty's Sweetest Friends EVER!,2019,670,76,SETS_USED,https://cdn.rebrickable.com/media/sets/70822-1/147311.jpg,https://rebrickable.com/sets/70822-1/unikittys-sweetest-friends-ever/
70823-1,Emmet's Thricycle!,2019,670,174,SETS_USED,https://cdn.rebrickable.com/media/sets/70823-1/13202.jpg,https://rebrickable.com/sets/70823-1/emmets-thricycle/
70823-1,Emmet's Thricycle!,2019,670,174,SETS_SEALED,https://cdn.rebrickable.com/media/sets/70823-1/13202.jpg,https://rebrickable.com/sets/70823-1/emmets-thricycle/
70824-1,Introducing Queen Watevra Wa'Nabi,2019,670,115,SETS_USED,https://cdn.rebrickable.com/media/sets/70824-1/21946.jpg,https://rebrickable.com/sets/70824-1/introducing-queen-watevra-wanabi/
70825-1,Queen Watevra's Build Whatever Box!,2019,670,455,SETS_SEALED,https://cdn.rebrickable.com/media/sets/70825-1/14292.jpg,https://rebrickable.com/sets/70825-1/queen-watevras-build-whatever-box/
70841-1,Benny's Space Squad,2019,670,68,SETS_SEALED,https://cdn.rebrickable.com/media/sets/70841-1/10796.jpg,https://rebrickable.com/sets/70841-1/bennys-space-squad/
7106-1,Droid Escape,2001,158,45,SETS_USED,https://cdn.rebrickable.com/media/sets/7106-1/119927.jpg,https://rebrickable.com/sets/7106-1/droid-escape/
7110-1,Landspeeder,1999,158,49,SETS_USED,https://cdn.rebrickable.com/media/sets/7110-1/17566.jpg,https://rebrickable.com/sets/7110-1/landspeeder/
7111-1,Droid Fighter,1999,158,62,SETS_USED,https://cdn.rebrickable.com/media/sets/7111-1/93713.jpg,https://rebrickable.com/sets/7111-1/droid-fighter/
7121-1,Naboo Swamp,1999,158,82,SETS_USED,https://cdn.rebrickable.com/media/sets/7121-1/1233.jpg,https://rebrickable.com/sets/7121-1/naboo-swamp/
7131-1,Anakin's Podracer,1999,158,136,SETS_USED,https://cdn.rebrickable.com/media/sets/7131-1/56039.jpg,https://rebrickable.com/sets/7131-1/anakins-podracer/
71426-1,Piranha Plant,2023,690,540,SETS_USED,https://cdn.rebrickable.com/media/sets/71426-1/128161.jpg,https://rebrickable.com/sets/71426-1/piranha-plant/
71487-1,Z-Blob's Robot and Vehicle Adventures,2025,749,121,SETS_USED,https://cdn.rebrickable.com/media/sets/71487-1/149928.jpg,https://rebrickable.com/sets/71487-1/z-blobs-robot-and-vehicle-adventures/
71487-1,Z-Blob's Robot and Vehicle Adventures,2025,749,121,SETS_SEALED,https://cdn.rebrickable.com/media/sets/71487-1/149928.jpg,https://rebrickable.com/sets/71487-1/z-blobs-robot-and-vehicle-adventures/
71803-1,Arin's Rising Dragon Strike,2024,435,27,SETS_USED,https://cdn.rebrickable.com/media/sets/71803-1/133595.jpg,https://rebrickable.com/sets/71803-1/arins-rising-dragon-strike/
71816-1,Zane's Ice Motorcycle,2024,435,84,SETS_SEALED,https://cdn.rebrickable.com/media/sets/71816-1/139985.jpg,https://rebrickable.com/sets/71816-1/zanes-ice-motorcycle/
75193-1,Millennium Falcon Microfighter,2018,158,92,SETS_USED,https://cdn.rebrickable.com/media/sets/75193-1/11275.jpg,https://rebrickable.com/sets/75193-1/millennium-falcon-microfighter/
75271-1,Luke Skywalker's Landspeeder,2020,158,236,SETS_USED,https://cdn.rebrickable.com/media/sets/75271-1/17649.jpg,https://rebrickable.com/sets/75271-1/luke-skywalkers-landspeeder/
75279-1,Star Wars Advent Calendar 2020,2020,209,311,SETS_USED,https://cdn.rebrickable.com/media/sets/75279-1/67267.jpg,https://rebrickable.com/sets/75279-1/star-wars-advent-calendar-2020/
75295-1,Millennium Falcon Microfighter,2021,158,101,SETS_USED,https://cdn.rebrickable.com/media/sets/75295-1/76123.jpg,https://rebrickable.com/sets/75295-1/millennium-falcon-microfighter/
75300-1,Imperial TIE Fighter,2021,158,432,SETS_USED,https://cdn.rebrickable.com/media/sets/75300-1/76116.jpg,https://rebrickable.com/sets/75300-1/imperial-tie-fighter/
75304-1,Darth Vader,2021,158,834,SETS_USED,https://cdn.rebrickable.com/media/sets/75304-1/85224.jpg,https://rebrickable.com/sets/75304-1/darth-vader/
75317-1,The Mandalorian & The Child,2020,610,295,SETS_USED,https://cdn.rebrickable.com/media/sets/75317-1/56203.jpg,https://rebrickable.com/sets/75317-1/the-mandalorian-the-child/
75332-1,AT-ST,2022,158,87,SETS_USED,https://cdn.rebrickable.com/media/sets/75332-1/106814.jpg,https://rebrickable.com/sets/75332-1/at-st/
75333-1,Obi-Wan Kenobi's Jedi Starfighter,2022,158,282,SETS_SEALED,https://cdn.rebrickable.com/media/sets/75333-1/103049.jpg,https://rebrickable.com/sets/75333-1/obi-wan-kenobis-jedi-starfighter/
75344-1,Boba Fett's Starship Microfighter,2023,158,85,SETS_USED,https://cdn.rebrickable.com/media/sets/75344-1/130253.jpg,https://rebrickable.com/sets/75344-1/boba-fetts-starship-microfighter/
75345-1,501st Clone Troopers Battle Pack,2023,158,121,SETS_USED,https://cdn.rebrickable.com/media/sets/75345-1/130256.jpg,https://rebrickable.com/sets/75345-1/501st-clone-troopers-battle-pack/
75355-1,X-Wing Starfighter,2023,171,1949,SETS_USED,https://cdn.rebrickable.com/media/sets/75355-1/119795.jpg,https://rebrickable.com/sets/75355-1/x-wing-starfighter/
75356-1,Executor Super Star Destroyer,2023,158,630,SETS_USED,https://cdn.rebrickable.com/media/sets/75356-1/129771.jpg,https://rebrickable.com/sets/75356-1/executor-super-star-destroyer/
75360-1,Yoda's Jedi Starfighter,2023,158,253,SETS_USED,https://cdn.rebrickable.com/media/sets/75360-1/123571.jpg,https://rebrickable.com/sets/75360-1/yodas-jedi-starfighter/
75363-1,The Mandalorian N-1 Starfighter Microfighter,2023,158,88,SETS_USED,https://cdn.rebrickable.com/media/sets/75363-1/121321.jpg,https://rebrickable.com/sets/75363-1/the-mandalorian-n-1-starfighter-microfighter/
75368-1,Darth Vader Mech,2023,158,139,SETS_USED,https://cdn.rebrickable.com/media/sets/75368-1/122707.jpg,https://rebrickable.com/sets/75368-1/darth-vader-mech/
75369-1,Boba Fett Mech,2023,158,155,SETS_SEALED,https://cdn.rebrickable.com/media/sets/75369-1/122705.jpg,https://rebrickable.com/sets/75369-1/boba-fett-mech/
75370-1,Stormtrooper Mech,2023,158,138,SETS_USED,https://cdn.rebrickable.com/media/sets/75370-1/122701.jpg,https://rebrickable.com/sets/75370-1/stormtrooper-mech/
75373-1,Ambush on Mandalore Battle Pack,2024,158,110,SETS_USED,https://cdn.rebrickable.com/media/sets/75373-1/140393.jpg,https://rebrickable.com/sets/75373-1/ambush-on-mandalore-battle-pack/
75375-1,Millennium Falcon,2024,158,921,SETS_USED,https://cdn.rebrickable.com/media/sets/75375-1/136884.jpg,https://rebrickable.com/sets/75375-1/millennium-falcon/
75375-1,Millennium Falcon,2024,158,921,SETS_SEALED,https://cdn.rebrickable.com/media/sets/75375-1/136884.jpg,https://rebrickable.com/sets/75375-1/millennium-falcon/
75376-1,Tantive IV,2024,158,654,SETS_USED,https://cdn.rebrickable.com/media/sets/75376-1/136889.jpg,https://rebrickable.com/sets/75376-1/tantive-iv/
75378-1,BARC Speeder Escape,2024,158,221,SETS_SEALED,https://cdn.rebrickable.com/media/sets/75378-1/139017.jpg,https://rebrickable.com/sets/75378-1/barc-speeder-escape/
75379-1,R2-D2,2024,158,1050,SETS_USED,https://cdn.rebrickable.com/media/sets/75379-1/136905.jpg,https://rebrickable.com/sets/75379-1/r2-d2/
75380-1,Mos Espa Podrace,2024,158,719,SETS_USED,https://cdn.rebrickable.com/media/sets/75380-1/139282.jpg,https://rebrickable.com/sets/75380-1/mos-espa-podrace/
75381-1,Droideka,2024,158,583,SETS_USED,https://cdn.rebrickable.com/media/sets/75381-1/139292.jpg,https://rebrickable.com/sets/75381-1/droideka/
75383-1,Darth Maul's Sith Infiltrator,2024,158,640,SETS_USED,https://cdn.rebrickable.com/media/sets/75383-1/138972.jpg,https://rebrickable.com/sets/75383-1/darth-mauls-sith-infiltrator/
75385-1,Ahsoka Tano's Duel on Peridea,2024,158,382,SETS_USED,https://cdn.rebrickable.com/media/sets/75385-1/142246.jpg,https://rebrickable.com/sets/75385-1/ahsoka-tanos-duel-on-peridea/
75388-1,Jedi Bob's Starfighter,2024,158,305,SETS_USED,https://cdn.rebrickable.com/media/sets/75388-1/143181.jpg,https://rebrickable.com/sets/75388-1/jedi-bobs-starfighter/
75389-1,The Dark Falcon,2024,158,1579,SETS_USED,https://cdn.rebrickable.com/media/sets/75389-1/142054.jpg,https://rebrickable.com/sets/75389-1/the-dark-falcon/
75391-1,Captain Rex Y-Wing Microfighter,2024,158,99,SETS_USED,https://cdn.rebrickable.com/media/sets/75391-1/140108.jpg,https://rebrickable.com/sets/75391-1/captain-rex-y-wing-microfighter/
75394-1,Imperial Star Destroyer,2024,158,1555,SETS_USED,https://cdn.rebrickable.com/media/sets/75394-1/140420.jpg,https://rebrickable.com/sets/75394-1/imperial-star-destroyer/
75395-1,Star Wars Advent Calendar 2024,2024,209,368,SETS_USED,https://cdn.rebrickable.com/media/sets/75395-1/140111.jpg,https://rebrickable.com/sets/75395-1/star-wars-advent-calendar-2024/
75398-1,C-3PO,2024,158,1140,SETS_USED,https://cdn.rebrickable.com/media/sets/75398-1/142250.jpg,https://rebrickable.com/sets/75398-1/c-3po/
75878-1,Bugatti Chiron,2017,601,188,SETS_USED,https://cdn.rebrickable.com/media/sets/75878-1/11973.jpg,https://rebrickable.com/sets/75878-1/bugatti-chiron/
75880-1,McLaren 720S,2017,601,168,SETS_USED,https://cdn.rebrickable.com/media/sets/75880-1/15777.jpg,https://rebrickable.com/sets/75880-1/mclaren-720s/
75886-1,"Ferrari 488 GT3 ""Scuderia Corsa""",2018,601,186,SETS_USED,https://cdn.rebrickable.com/media/sets/75886-1/15008.jpg,https://rebrickable.com/sets/75886-1/ferrari-488-gt3-scuderia-corsa/
75887-1,Porsche 919 Hybrid,2018,601,170,SETS_USED,https://cdn.rebrickable.com/media/sets/75887-1/635.jpg,https://rebrickable.com/sets/75887-1/porsche-919-hybrid/
75890-1,Ferrari F40 Competizione,2019,601,200,SETS_USED,https://cdn.rebrickable.com/media/sets/75890-1/11004.jpg,https://rebrickable.com/sets/75890-1/ferrari-f40-competizione/
75892-1,McLaren Senna,2019,601,222,SETS_USED,https://cdn.rebrickable.com/media/sets/75892-1/16257.jpg,https://rebrickable.com/sets/75892-1/mclaren-senna/
76191-1,Infinity Gauntlet,2021,702,590,SETS_USED,https://cdn.rebrickable.com/media/sets/76191-1/88377.jpg,https://rebrickable.com/sets/76191-1/infinity-gauntlet/
76241-1,Hulk Mech Armor,2023,702,138,SETS_USED,https://cdn.rebrickable.com/media/sets/76241-1/130148.jpg,https://rebrickable.com/sets/76241-1/hulk-mech-armor/
76263-1,Iron Man Hulkbuster vs. Thanos,2023,702,66,SETS_USED,https://cdn.rebrickable.com/media/sets/76263-1/123079.jpg,https://rebrickable.com/sets/76263-1/iron-man-hulkbuster-vs-thanos/
76275-1,Motorcycle Chase: Spider-Man vs. Doc Ock,2024,706,77,SETS_USED,https://cdn.rebrickable.com/media/sets/76275-1/134472.jpg,https://rebrickable.com/sets/76275-1/motorcycle-chase-spider-man-vs-doc-ock/
76275-1,Motorcycle Chase: Spider-Man vs. Doc Ock,2024,706,77,SETS_SEALED,https://cdn.rebrickable.com/media/sets/76275-1/134472.jpg,https://rebrickable.com/sets/76275-1/motorcycle-chase-spider-man-vs-doc-ock/
76275-1,Motorcycle Chase: Spider-Man vs. Doc Ock,2024,706,77,SETS_SEALED,https://cdn.rebrickable.com/media/sets/76275-1/134472.jpg,https://rebrickable.com/sets/76275-1/motorcycle-chase-spider-man-vs-doc-ock/
76278-1,Rocket's Warbird vs. Ronan,2024,702,290,SETS_USED,https://cdn.rebrickable.com/media/sets/76278-1/134549.jpg,https://rebrickable.com/sets/76278-1/rockets-warbird-vs-ronan/
76289-1,Thor vs. Surtur Construction Figure,2024,696,245,SETS_USED,https://cdn.rebrickable.com/media/sets/76289-1/140463.jpg,https://rebrickable.com/sets/76289-1/thor-vs-surtur-construction-figure/
76293-1,Spider-Man Advent Calendar 2024,2024,751,255,SETS_SEALED,https://cdn.rebrickable.com/media/sets/76293-1/140082.jpg,https://rebrickable.com/sets/76293-1/spider-man-advent-calendar-2024/
76303-1,Batman Tumbler vs. Two-Face & The Joker,2025,697,429,SETS_SEALED,https://cdn.rebrickable.com/media/sets/76303-1/148886.jpg,https://rebrickable.com/sets/76303-1/batman-tumbler-vs-two-face-the-joker/
76307-1,Iron Man Mech vs. Ultron,2025,696,101,SETS_USED,https://cdn.rebrickable.com/media/sets/76307-1/148871.jpg,https://rebrickable.com/sets/76307-1/iron-man-mech-vs-ultron/
76307-1,Iron Man Mech vs. Ultron,2025,696,101,SETS_SEALED,https://cdn.rebrickable.com/media/sets/76307-1/148871.jpg,https://rebrickable.com/sets/76307-1/iron-man-mech-vs-ultron/
76421-1,Dobby the House-Elf,2023,246,403,SETS_SEALED,https://cdn.rebrickable.com/media/sets/76421-1/122506.jpg,https://rebrickable.com/sets/76421-1/dobby-the-house-elf/
76424-1,Flying Ford Anglia,2024,246,165,SETS_USED,https://cdn.rebrickable.com/media/sets/76424-1/132989.jpg,https://rebrickable.com/sets/76424-1/flying-ford-anglia/
76425-1,Hedwig at 4 Privet Drive,2024,246,337,SETS_SEALED,https://cdn.rebrickable.com/media/sets/76425-1/132998.jpg,https://rebrickable.com/sets/76425-1/hedwig-at-4-privet-drive/
76831-1,Zurg Battle,2022,608,261,SETS_USED,https://cdn.rebrickable.com/media/sets/76831-1/100273.jpg,https://rebrickable.com/sets/76831-1/zurg-battle/
76907-1,Lotus Evija,2022,601,250,SETS_SEALED,https://cdn.rebrickable.com/media/sets/76907-1/97890.jpg,https://rebrickable.com/sets/76907-1/lotus-evija/
76908-1,Lamborghini Countach,2022,601,262,SETS_USED,https://cdn.rebrickable.com/media/sets/76908-1/97861.jpg,https://rebrickable.com/sets/76908-1/lamborghini-countach/
76908-1,Lamborghini Countach,2022,601,262,SETS_SEALED,https://cdn.rebrickable.com/media/sets/76908-1/97861.jpg,https://rebrickable.com/sets/76908-1/lamborghini-countach/
76915-1,Pagani Utopia,2023,601,252,SETS_USED,https://cdn.rebrickable.com/media/sets/76915-1/129897.jpg,https://rebrickable.com/sets/76915-1/pagani-utopia/
76918-1,McLaren Solus GT & McLaren F1 LM,2023,601,587,SETS_USED,https://cdn.rebrickable.com/media/sets/76918-1/129906.jpg,https://rebrickable.com/sets/76918-1/mclaren-solus-gt-mclaren-f1-lm/
76934-1,Ferrari F40 Supercar,2024,601,325,SETS_SEALED,https://cdn.rebrickable.com/media/sets/76934-1/142487.jpg,https://rebrickable.com/sets/76934-1/ferrari-f40-supercar/
76944-1,T. rex Dinosaur Breakout,2022,602,140,SETS_SEALED,https://cdn.rebrickable.com/media/sets/76944-1/98839.jpg,https://rebrickable.com/sets/76944-1/t-rex-dinosaur-breakout/
76958-1,Dilophosaurus Ambush,2023,602,211,SETS_USED,https://cdn.rebrickable.com/media/sets/76958-1/129866.jpg,https://rebrickable.com/sets/76958-1/dilophosaurus-ambush/
911724-1,A-Wing,2017,158,47,SETS_SEALED,https://cdn.rebrickable.com/media/sets/911724-1/13284.jpg,https://rebrickable.com/sets/911724-1/a-wing/
911943-1,Luke Skywalker,2019,158,6,SETS_SEALED,https://cdn.rebrickable.com/media/sets/911943-1/10192.jpg,https://rebrickable.com/sets/911943-1/luke-skywalker/
912175-1,AT-ST Raider,2021,158,53,SETS_SEALED,https://cdn.rebrickable.com/media/sets/912175-1/134426.jpg,https://rebrickable.com/sets/912175-1/at-st-raider/
912310-1,C-3PO and Gonk Droid,2023,158,16,SETS_SEALED,https://cdn.rebrickable.com/media/sets/912310-1/134450.jpg,https://rebrickable.com/sets/912310-1/c-3po-and-gonk-droid/
912411-1,T-6 Jedi Shuttle,2024,158,39,SETS_SEALED,https://cdn.rebrickable.com/media/sets/912411-1/146533.jpg,https://rebrickable.com/sets/912411-1/t-6-jedi-shuttle/
952310-1,Wheel Loader,2023,56,21,SETS_SEALED,https://cdn.rebrickable.com/media/sets/952310-1/134615.jpg,https://rebrickable.com/sets/952310-1/wheel-loader/
